Name,Status,Client,Platform,Start,End,Team,Allocation %
Orchard Grove,Active,Bluebird,"VR, PC",2026-05-04,2026-12-18,"Alex Turner, Maria Costa, Samuel Adeyemi","60, 50, 100"
Lantern,Active,Internal,PC,2026-06-01,2026-09-30,"Priya Nair, Erin Kavanagh","50, 60"
Pebble Rush,Active,Kestrel,"Mobile, Console",2026-04-13,2026-10-02,"Alex Turner, Wei Chen, Daniel Reid","50, 100, 70"
Northwind,Complete,Bluebird,VR,2025-11-03,2026-03-27,"Daniel Reid, Ines Duarte","80, 50"
Foxglove,Active,Internal,PC,2026-07-06,2026-11-20,"Amara Diallo, Ines Duarte, Sofia Marques","50, 60, 40"
Copper Line,Active,Kestrel,Mobile,2026-06-15,2026-11-30,"Rui Almeida, Olivia Bennett","80, 50"
Tidewater,Active,Internal,Console,2026-08-03,2027-01-29,"Hannah Whitmore, Claire Hobson","20, 60"
Kite,Active,Bluebird,VR,2026-05-18,2026-12-11,"Maria Costa, Erin Kavanagh","60, 50"
Harbour Light,On hold,Kestrel,Mobile,2026-10-01,2027-02-26,"Sofia Marques, Rui Almeida","100, 30"
